{
    "providers": [
        {
            "type": "bitmap",
            "file": "minecraft:ranks/Admin.png",
            "ascent": 8,
            "height": 8,
            "chars": [""]
	},
        {
            "type": "bitmap",
            "file": "minecraft:ranks/Builder.png",
            "ascent": 8,
            "height": 8,
            "chars": [""]
        },
        {
            "type": "bitmap",
            "file": "minecraft:ranks/Contributer.png",
            "ascent": 8,
            "height": 8,
            "chars": [""]
        },
        {
            "type": "bitmap",
            "file": "minecraft:ranks/Developer.png",
            "ascent": 8,
            "height": 8,
            "chars": [""]
        },
        {
            "type": "bitmap",
            "file": "minecraft:ranks/Member.png",
            "ascent": 8,
            "height": 8,
            "chars": [""]
        },
        {
            "type": "bitmap",
            "file": "minecraft:ranks/Moderator.png",
            "ascent": 8,
            "height": 8,
            "chars": [""]
        },
        {
            "type": "bitmap",
            "file": "minecraft:ranks/Supporter.png",
            "ascent": 8,
            "height": 8,
            "chars": [""]
        }
    ]
}